data;cidade;regiao;lat;lon;temp_min;temp_max;temp_media;sensacao_min;sensacao_max;precipitacao_mm;chuva_mm;neve_cm;horas_precipitacao;horas_sol;radiacao_solar_mj;vento_max_kmh;rajada_max_kmh;direcao_vento_graus;evapotranspiracao_mm;codigo_tempo;geada;neve;granizo;tempestade;chuva_intensa;nascer_sol;por_sol;fase_lua;iluminacao_lua_pct;dias_a_frente;data_execucao
2026-10-07;Chapeco;Oeste Catarinense;-27.1008;-52.6161;14.0;27.0;20.6;13.9;28.2;0.3;0.2;0;2.0;12.06;22.04;15.8;34.6;24;4.53;51;0;0;0;0;0;06:03;18:33;Minguante;14.1;0;2026-10-07
2026-10-08;Chapeco;Oeste Catarinense;-27.1008;-52.6161;16.5;25.9;20.9;17.4;28.7;9.5;5.2;0;10.0;2.68;10.58;19.9;39.2;12;2.34;95;0;0;0;1;0;06:02;18:34;Minguante;7.6;1;2026-10-07
2026-10-09;Chapeco;Oeste Catarinense;-27.1008;-52.6161;17.9;23.9;20.7;19.1;26.8;30.1;17.1;0;15.0;2.95;8.66;23.3;44.6;11;1.63;96;0;0;1;1;1;06:01;18:34;Lua Nova;3.0;2;2026-10-07
2026-10-10;Chapeco;Oeste Catarinense;-27.1008;-52.6161;18.8;24.4;21.1;19.3;25.2;13.2;7.4;0;16.0;6.96;14.33;23.4;55.4;319;2.54;96;0;0;1;1;0;06:00;18:35;Lua Nova;0.4;3;2026-10-07
2026-10-11;Chapeco;Oeste Catarinense;-27.1008;-52.6161;17.0;23.2;19.3;18.5;24.3;7.5;2.0;0;14.0;7.12;14.25;10.1;27.4;223;2.64;95;0;0;0;1;0;05:59;18:36;Lua Nova;0.2;4;2026-10-07
2026-10-12;Chapeco;Oeste Catarinense;-27.1008;-52.6161;16.6;21.2;18.5;17.6;22.6;15.5;7.8;0;24.0;1.08;11.15;15.5;46.4;330;1.9;95;0;0;0;1;0;05:58;18:36;Lua Nova;2.1;5;2026-10-07
2026-10-13;Chapeco;Oeste Catarinense;-27.1008;-52.6161;16.9;19.1;18.2;18.2;20.5;14.8;7.0;0;16.0;3.94;11.15;12.8;33.8;297;1.76;80;0;0;0;0;0;05:57;18:37;Crescente;6.2;6;2026-10-07
2026-10-14;Chapeco;Oeste Catarinense;-27.1008;-52.6161;15.5;23.3;19.3;15.5;24.8;2.4;1.2;0;12.0;11.77;16.85;12.5;26.6;125;3.15;51;0;0;0;0;0;05:56;18:37;Crescente;12.3;7;2026-10-07
2026-10-15;Chapeco;Oeste Catarinense;-27.1008;-52.6161;14.6;24.7;19.3;14.5;26.5;1.8;0.6;0;6.0;12.57;22.83;12.2;33.5;183;4.32;51;0;0;0;0;0;05:54;18:38;Crescente;20.1;8;2026-10-07
2026-10-16;Chapeco;Oeste Catarinense;-27.1008;-52.6161;14.0;22.7;18.0;13.4;23.1;0.6;0.0;0;6.0;12.58;23.21;16.0;39.2;164;4.32;51;0;0;0;0;0;05:53;18:38;Crescente;29.3;9;2026-10-07
2026-10-17;Chapeco;Oeste Catarinense;-27.1008;-52.6161;12.8;22.2;17.2;11.5;22.4;0.0;0.0;0;0.0;12.59;25.73;12.6;31.0;183;4.73;1;0;0;0;0;0;05:52;18:39;Quarto Crescente;39.4;10;2026-10-07
2026-10-18;Chapeco;Oeste Catarinense;-27.1008;-52.6161;12.8;23.0;17.7;11.3;23.7;0.0;0.0;0;0.0;12.6;26.04;11.0;27.4;174;4.75;2;0;0;0;0;0;05:52;18:39;Quarto Crescente;49.9;11;2026-10-07
2026-10-19;Chapeco;Oeste Catarinense;-27.1008;-52.6161;13.5;25.9;19.4;11.8;27.8;0.0;0.0;0;0.0;12.61;27.36;12.2;24.5;134;5.35;2;0;0;0;0;0;05:51;18:40;Quarto Crescente;60.5;12;2026-10-07
2026-10-20;Chapeco;Oeste Catarinense;-27.1008;-52.6161;15.4;27.4;20.5;14.4;29.6;0.8;0.0;0;8.0;9.89;20.98;10.7;22.7;89;4.27;51;0;0;0;0;0;05:50;18:41;Gibosa Crescente;70.6;13;2026-10-07
2026-10-21;Chapeco;Oeste Catarinense;-27.1008;-52.6161;13.2;21.1;18.5;13.6;24.1;12.7;4.05;0;22.0;4.21;12.74;10.3;30.2;76;2.24;53;0;0;0;0;0;05:49;18:41;Gibosa Crescente;79.7;14;2026-10-07
2026-10-22;Chapeco;Oeste Catarinense;-27.1008;-52.6161;10.8;25.7;18.2;10.5;28.5;0.0;0.0;0;0.0;12.64;28.8;9.1;22.7;13;5.18;0;0;0;0;0;0;05:48;18:42;Gibosa Crescente;87.5;15;2026-10-07
2026-10-07;Lages;Serra Catarinense;-27.8181;-50.3261;12.1;23.5;17.3;11.1;25.0;0.0;0.0;0;0.0;12.04;23.5;19.4;40.7;47;4.2;3;0;0;0;0;0;05:53;18:24;Minguante;14.1;0;2026-10-07
2026-10-08;Lages;Serra Catarinense;-27.8181;-50.3261;14.4;24.6;19.0;13.8;26.3;0.5;0.4;0;4.0;6.49;15.0;18.1;40.7;24;2.96;51;0;0;0;0;0;05:52;18:25;Minguante;7.6;1;2026-10-07
2026-10-09;Lages;Serra Catarinense;-27.8181;-50.3261;17.1;24.6;19.6;18.2;26.9;5.2;2.2;0;9.0;3.26;12.01;15.7;37.4;40;2.31;95;0;0;0;1;0;05:51;18:26;Lua Nova;3.0;2;2026-10-07
2026-10-10;Lages;Serra Catarinense;-27.8181;-50.3261;17.6;25.0;19.2;18.7;26.0;12.5;6.0;0;14.0;6.35;13.19;20.7;54.0;330;2.3;95;0;0;0;1;0;05:50;18:26;Lua Nova;0.4;3;2026-10-07
2026-10-11;Lages;Serra Catarinense;-27.8181;-50.3261;15.9;23.8;18.8;15.8;23.9;9.7;1.3;0;11.0;6.27;13.97;18.6;37.8;286;2.69;95;0;0;0;1;0;05:49;18:27;Lua Nova;0.2;4;2026-10-07
2026-10-12;Lages;Serra Catarinense;-27.8181;-50.3261;15.1;23.2;18.0;16.3;25.4;35.7;9.2;0;24.0;9.2;16.4;10.5;34.9;16;2.99;95;0;0;0;1;1;05:48;18:27;Lua Nova;2.1;5;2026-10-07
2026-10-13;Lages;Serra Catarinense;-27.8181;-50.3261;15.5;20.1;17.6;16.6;20.6;11.0;3.6;0;16.0;5.26;14.26;13.2;35.3;270;2.37;95;0;0;0;1;0;05:47;18:28;Crescente;6.2;6;2026-10-07
2026-10-14;Lages;Serra Catarinense;-27.8181;-50.3261;14.8;22.9;18.5;14.5;24.0;6.0;1.8;0;18.0;9.02;13.97;13.8;29.2;33;2.69;53;0;0;0;0;0;05:46;18:28;Crescente;12.3;7;2026-10-07
2026-10-15;Lages;Serra Catarinense;-27.8181;-50.3261;14.2;23.0;17.3;14.0;24.1;3.6;0.6;0;12.0;9.11;16.87;13.4;31.0;43;3.11;53;0;0;0;0;0;05:45;18:29;Crescente;20.1;8;2026-10-07
2026-10-16;Lages;Serra Catarinense;-27.8181;-50.3261;13.0;22.3;16.6;12.4;22.0;1.6;1.4;0;14.0;7.96;14.81;13.0;28.8;56;2.85;51;0;0;0;0;0;05:44;18:30;Crescente;29.3;9;2026-10-07
2026-10-17;Lages;Serra Catarinense;-27.8181;-50.3261;10.9;20.2;15.0;9.5;19.7;3.8;1.0;0;22.0;9.21;16.14;10.9;38.5;25;2.82;51;0;0;0;0;0;05:43;18:30;Quarto Crescente;39.4;10;2026-10-07
2026-10-18;Lages;Serra Catarinense;-27.8181;-50.3261;10.5;21.9;15.6;9.3;21.2;0.6;0.0;0;6.0;12.21;24.43;15.7;35.6;15;4.3;51;0;0;0;0;0;05:41;18:31;Quarto Crescente;49.9;11;2026-10-07
2026-10-19;Lages;Serra Catarinense;-27.8181;-50.3261;12.6;22.9;17.0;11.1;23.2;0.6;0.6;0;6.0;9.65;20.42;15.8;34.2;42;3.85;51;0;0;0;0;0;05:40;18:31;Quarto Crescente;60.5;12;2026-10-07
2026-10-20;Lages;Serra Catarinense;-27.8181;-50.3261;14.5;23.6;18.3;13.4;25.4;0.0;0.0;0;0.0;11.35;21.24;16.2;37.1;41;4.06;3;0;0;0;0;0;05:40;18:32;Gibosa Crescente;70.6;13;2026-10-07
2026-10-21;Lages;Serra Catarinense;-27.8181;-50.3261;11.8;20.4;16.6;11.4;19.6;1.05;0.45;0;12.0;4.78;14.78;16.7;38.5;44;2.75;51;0;0;0;0;0;05:39;18:33;Gibosa Crescente;79.7;14;2026-10-07
2026-10-22;Lages;Serra Catarinense;-27.8181;-50.3261;11.7;23.7;16.4;11.3;26.1;0.0;0.0;0;0.0;12.45;25.16;10.2;24.5;13;4.39;3;0;0;0;0;0;05:38;18:33;Gibosa Crescente;87.5;15;2026-10-07
2026-10-07;Sao Jose;Grande Florianopolis;-27.6138;-48.6358;16.9;24.1;20.1;18.6;25.7;4.1;3.8;0;9.0;11.33;16.64;11.1;27.4;40;3.08;55;0;0;0;0;0;05:46;18:18;Minguante;14.1;0;2026-10-07
2026-10-08;Sao Jose;Grande Florianopolis;-27.6138;-48.6358;17.2;25.5;20.8;19.0;27.9;0.0;0.0;0;0.0;9.05;21.43;21.2;51.5;15;3.69;3;0;0;0;0;0;05:45;18:18;Minguante;7.6;1;2026-10-07
2026-10-09;Sao Jose;Grande Florianopolis;-27.6138;-48.6358;19.1;26.5;21.5;21.4;30.3;5.4;5.4;0;6.0;7.56;16.3;14.1;35.3;19;2.99;80;0;0;0;0;0;05:44;18:19;Lua Nova;3.0;2;2026-10-07
2026-10-10;Sao Jose;Grande Florianopolis;-27.6138;-48.6358;20.4;27.0;22.4;23.3;30.2;1.6;1.5;0;7.0;4.36;11.85;18.3;44.6;7;2.29;53;0;0;0;0;0;05:43;18:19;Lua Nova;0.4;3;2026-10-07
2026-10-11;Sao Jose;Grande Florianopolis;-27.6138;-48.6358;18.9;25.1;21.6;22.0;28.4;1.1;1.1;0;5.0;8.67;16.28;9.9;29.9;64;3.09;51;0;0;0;0;0;05:42;18:20;Lua Nova;0.2;4;2026-10-07
2026-10-12;Sao Jose;Grande Florianopolis;-27.6138;-48.6358;18.7;23.3;20.6;21.5;25.3;9.7;7.1;0;18.0;6.79;13.01;12.6;33.1;131;2.36;80;0;0;0;0;0;05:41;18:20;Lua Nova;2.1;5;2026-10-07
2026-10-13;Sao Jose;Grande Florianopolis;-27.6138;-48.6358;17.2;22.3;20.3;18.8;25.6;17.4;5.3;0;22.0;4.24;12.29;14.9;50.0;138;2.3;80;0;0;0;0;0;05:40;18:21;Crescente;6.2;6;2026-10-07
2026-10-14;Sao Jose;Grande Florianopolis;-27.6138;-48.6358;17.2;20.3;18.9;18.3;21.7;0.6;0.0;0;6.0;3.71;10.95;14.0;36.4;141;2.17;51;0;0;0;0;0;05:39;18:21;Crescente;12.3;7;2026-10-07
2026-10-15;Sao Jose;Grande Florianopolis;-27.6138;-48.6358;16.3;21.4;18.9;17.6;21.8;0.0;0.0;0;0.0;10.81;16.2;12.3;32.4;132;2.96;3;0;0;0;0;0;05:38;18:22;Crescente;20.1;8;2026-10-07
2026-10-16;Sao Jose;Grande Florianopolis;-27.6138;-48.6358;16.4;21.3;18.8;17.9;21.7;1.2;1.2;0;6.0;10.27;13.7;13.9;35.3;149;2.57;51;0;0;0;0;0;05:37;18:23;Crescente;29.3;9;2026-10-07
2026-10-17;Sao Jose;Grande Florianopolis;-27.6138;-48.6358;14.5;20.7;18.0;15.1;22.3;0.6;0.6;0;6.0;11.65;20.58;17.7;43.9;150;3.46;51;0;0;0;0;0;05:36;18:23;Quarto Crescente;39.4;10;2026-10-07
2026-10-18;Sao Jose;Grande Florianopolis;-27.6138;-48.6358;12.6;21.4;17.9;12.3;23.3;0.0;0.0;0;0.0;12.05;22.62;11.9;37.4;135;3.89;1;0;0;0;0;0;05:35;18:24;Quarto Crescente;49.9;11;2026-10-07
2026-10-19;Sao Jose;Grande Florianopolis;-27.6138;-48.6358;17.1;23.8;20.9;18.3;26.5;0.6;0.6;0;6.0;12.16;22.9;13.8;40.0;38;4.05;51;0;0;0;0;0;05:34;18:24;Quarto Crescente;60.5;12;2026-10-07
2026-10-20;Sao Jose;Grande Florianopolis;-27.6138;-48.6358;18.5;22.6;20.6;20.8;24.4;2.0;0.6;0;8.0;7.98;14.15;12.9;32.8;142;2.69;53;0;0;0;0;0;05:33;18:25;Gibosa Crescente;70.6;13;2026-10-07
2026-10-21;Sao Jose;Grande Florianopolis;-27.6138;-48.6358;17.0;23.3;20.3;18.1;24.5;5.05;2.85;0;22.0;6.16;14.35;12.9;36.4;48;2.76;53;0;0;0;0;0;05:32;18:26;Gibosa Crescente;79.7;14;2026-10-07
2026-10-22;Sao Jose;Grande Florianopolis;-27.6138;-48.6358;16.6;25.9;20.0;17.5;28.2;0.0;0.0;0;0.0;12.27;27.18;17.6;15.8;6;4.91;3;0;0;0;0;0;05:31;18:26;Gibosa Crescente;87.5;15;2026-10-07
